Code,Name,Rank,Type,Class,Attribute,Cost,Power,Life,Hand,Text
ALP.NAT.001,Commoner,,Unit,,Non-attribute,1,1,,,
ALP.NAT.002,Townsfolk,,Unit,,Non-attribute,2,2,,,{{swarm}}
ALP.NAT.003,Militia ,,Unit,,Non-attribute,3,4,,,{{swarm}}
ALP.NAT.004,Keep,,Fortification,,Non-attribute,,,10,,
ALP.NAT.005,Watchtower,,Fortification,,Non-attribute,,,7,,{{scout}}
ALP.NAT.006,Battle Cry,1,Order,,Non-attribute,2,,,,All cards deployed this turn gain +1 {p} until the end of the turn.
ALP.NAT.007,Recycle,2,Order,,Non-attribute,0,,,,Draw a card.
ALP.NAT.008,In Ruins,1,Order,,Non-attribute,0,,,,Place a Ruins card at the bottom of any allied fortification stack.  You may use this card to place a Ruins in an empty fortification stack.
ALP.NAT.009,Well Rested ,1,Order,,Non-attribute,0,,,,Target leader regains +2 {l}.
ALP.NAT.010,Fury for the Fallen,1,Order,,Non-attribute,1,,,,Target unit gains +2 {p} until the end of this turn.
ALP.NAT.011,Attack Order,1,Order,,Non-attribute,1,,,,"Whenever target fortification takes damage this turn, it takes 1 additional damage."
ALP.NAT.012,Identification ,1,Order,,Non-attribute,0,,,,Reveal target reinforcement.
ALP.NAT.013,Brick and Mortar ,1,Reinforcement,,Non-attribute,,,,,Attached fortifications regain +3 {l}.
ALP.NAT.014,Expansion Plan ,1,Reinforcement,,Non-attribute,,,,,"Attached fortifications regain +1 {l}, and the next time they would take damage this turn, prevent 3 damage."
ALP.NAT.015,Starvation ,1,Reinforcement,,Non-attribute,,,,,"Whenever an attached fortification would take damage this turn, prevent it unless your opponent discards 1 card."
ALP.NAT.016,Dishonorable Discharge ,1,Reinforcement,,Non-attribute,,,,,Return the first unit that arrives at each attached fortification to its recruitment rail; returned units cannot be redeployed this turn.
ALP.NAT.017,Prepared Defensive ,1,Reinforcement,,Non-attribute,,,,,Cards that arrive at an attached fortification have -2 {p} until the end of this turn.
ALP.NAT.018,Eye for an Eye,1,Response,,Non-attribute,0,,,,"<b>Trigger:</b> An opponent draws a card as the result of an order.
<b>Response:</b> Draw a card."
ALP.NAT.019,Rapid Response,1,Response,,Non-attribute,0,,,,"<b>Trigger:</b> Target leader takes damage from any source.  
<b>Response:</b> Target leader regains +1 {l}. "
ALP.NAT.020,Road Less Traveled ,1,Response,,Non-attribute,0,,,,"<b>Trigger:</b> Target card is deployed to a lane.
<b>Response:</b> Target card is deployed to a different, unoccupied lane. "
ALP.NAT.021,Upcycle,3,Order,,Non-attribute,0,,,,Draw 2 cards.
ALP.NAT.022,Disarm,2,Order,,Non-attribute,0,,,,Disable target reinforcement until the end of your turn.
ALP.NAT.023,I want you!,2,Order,,Non-attribute,0,,,,Target leader gains +1 {h} until end of your next turn.
ALP.NAT.024,With Advantage! ,2,Order,,Non-attribute,1,,,,"If target card completes a successful attack this turn, deploy another unit to the same lane."
ALP.NAT.025,Repeat Offender ,2,Order,,Non-attribute,2,,,,"If target card completes a successful attack this turn, recruit them to the same field at the end of this turn. "
ALP.NAT.026,Indestructible,2,Reinforcement,,Non-attribute,,,,,Attached fortifications cannot be reduced below 1 {l} this turn.
ALP.NAT.027,Caltrops,2,Reinforcement,,Non-attribute,,,,,Deal 1 damage to the first card that arrives at each attached fortification.
ALP.NAT.028,Meat Shield,2,Reinforcement,,Non-attribute,,,,,"When an attached fortification is attacked, you may choose to destroy a unit from an allied recruitment rail and prevent damage equal to that unit's {p}. "
ALP.NAT.029,Difficult Terrain,2,Response,,Non-attribute,1,,,,"<b>Trigger:</b> Target player deploys one or more units.
<b>Response:</b> Target player cannot deploy or redeploy any additional units this turn."
ALP.NAT.030,Cost of War,2,Response,,Non-attribute,0,,,,"<b>Trigger:</b> Target player pays one or more cards to fulfill the {c} of another card.
<b>Response:</b> Target player must pay an additional card (if possible)."
ALP.NAT.031,Referral Bonus,3,Order,,Non-attribute,1,,,,All cards recruited this turn gain -1 {c}.
ALP.NAT.032,Seek and Destroy ,3,Order,,Non-attribute,1,,,,Destroy target reinforcement.
ALP.NAT.033,Another Castle,3,Reinforcement,,Non-attribute,,,,,"If an attached fortification is destroyed, you may discard a card.  If you do, recreate it with full {l}. "
ALP.NAT.034,Peace Offering ,2,Response,,Non-attribute,1,,,,"<b>Trigger:</b> Target player recruits one or more units.
<b>Response:</b> Target player cannot recruit any additional units this turn."
ALP.NAT.035,Ruins,,Fortification,,Non-attribute,,,0,,{{defenseless}}
ALP.NAT.036,Rust Monster,1,Response,,Non-attribute,0,,,,"<b>Trigger:</b> An <b>Equip</b> order is played.
<b>Response:</b> Destroy the <b>Equip</b> order."
ALP.NAT.037,Bareknuckle Brawlers,2,Order,,Non-attribute,0,,,,Destroy all <b>Equip</b> orders currently in play.
ALP.NAT.038,Boots at the Door,2,Reinforcement,,Non-attribute,,,,,"When a card with an <b>Equip</b> order arrives at an attached fortification, you may discard a card. If you do, destroy all <b>Equip</b> orders attached to that card."
ALP.NAT.039,Cycle,1,Order,,Non-attribute,0,,,,"Draw a card, then discard a card."
ALP.NAT.040,Warding Tower,,Fortification,,Non-attribute,,,7,,Allied leaders in reserve that share a field with this fortification cannot be targeted by the effects of your opponent's orders. 
ALP.NAT.041,Castle the King,1,Order,,Non-attribute,0,,,,Switch the position of two allied leaders in reserve.  <i>(Recruited units are not affected by a change in leader position.)</i>
ALP.NAT.042,Casualties of War,2,Response,,Non-attribute,0,,,,"<b>Trigger:</b> Target player pays one or more cards to fulfill the {c} of another card.
<b>Response:</b> Target player discards each card used for payment."
ALP.NAT.043,Bluff,1,Reinforcement,,Non-attribute,,,,,Place this card on the bottom of your deck.
ALP.GEN.001,"Ibn Rasa, Master of None",,Leader,Generalist,Non-attribute,2,2,10,0,"Whenever a non-attribute card controlled by you or an ally attacks, it gains +1 {p} until the end of the turn."
ALP.GEN.002,Simple Robe,3,Order,Generalist,Non-attribute,2,,,,"{{equip}}
<b>Once per Turn Order:</b> Parent card gains any attribute or class name you choose until the end of the turn."
ALP.GEN.003,Jack of All ,1,Order,Generalist,Non-attribute,0,,,,Cards recruited this turn may be recruited to any allied recruitment rail.
ALP.GEN.004,Hamlet,,Fortification,Generalist,Non-attribute,,,7,,{{rejuvenate}}
ALP.LMG.001,"Gerky, Conniving Goblin",,Leader,Lootmonger,Non-attribute,1,1,6,1,"Whenever a non-attribute reinforcement controlled by an opponent is revealed, draw a card, then discard a card."
ALP.LMG.002,Kickstart,2,Order,Lootmonger,Non-attribute,0,,,,"If this is the first order you have played this turn, draw 2 cards."
ALP.LMG.003,Goblin's Greed,3,Order,Lootmonger,Non-attribute,0,,,,"Whenever you would draw one or more cards this turn as the result of an effect, draw a card."
ALP.LMG.004,Junk Market,,Fortification,Lootmonger,Non-attribute,,,6,,"The first time a card arrives at this fortification each turn, draw a card."
ALP.WIZ.001,"Elq, Prismatic Witch",,Leader,Wizard,Arcane,2,1,4,0,"{{spellcaster,3}}
Whenever you play a <b>Spell</b> card, you may double its {c}.  If you do, the card gains the <b>Prismatic</b> keyword.
({{prismatic}})"
ALP.WIZ.002,"Bifrost, Prismatic Staff",3,Order,Wizard,Arcane,1,,,,"{{equip}}
<b>Once per Turn Order (1 {c}):</b> Parent Wizard card gains +1 {p} and its damage cannot be prevented or modified by another player."
ALP.WIZ.003,Color Spray,1,Response,Wizard,Arcane,0,,,,"<b>Trigger:</b> Target <b>Spell</b> card is played. 
<b>Response:</b> Target card gains the <b>Prismatic</b> keyword. 
({{prismatic}})"
ALP.WIZ.004,Outcast's Sanctum,,Fortification,Wizard,Arcane,,,6,,"{{scout}}
Wizard leaders in reserve that share a field with this fortification cannot be targeted by your opponent for attacks or card effects."
ALP.AST.001,"Celq, Celestial Queen",,Leader,Astrologer,Arcane,3,0,4,-1,"{{spellcaster,1}}
At the start of your turn, you may reveal up to one <b>Zodiac</b> card for each <b>Season</b> from your hand. If you do, draw a card for each card revealed this way."
ALP.AST.002,"Great Twins, Castor & Pollux",1,Response,Astrologer,Arcane,3,,,,"{{zodiac,Spring}}
<b>Trigger:</b> Target arcane leader attacks.
<b>Response:</b> Target arcane leader gains +2 {p} counter.
{{unique}}"
ALP.AST.003,"Golden Ram, Krios",2,Response,Astrologer,Arcane,2,,,,"{{zodiac,Spring}}
<b>Trigger:</b> Target arcane leader attacks.
<b>Response:</b> Target arcane leader gains +2 {p} counter.
{{unique}}"
ALP.AST.004,"Divine Bull, Tauros",3,Response,Astrologer,Arcane,1,,,,"{{zodiac,Spring}}
<b>Trigger:</b> Target arcane leader attacks.
<b>Response:</b> Target arcane leader gains +2 {p} counter.
{{unique}}"
ALP.AST.005,"Breaching Crab, Karkinos",1,Response,Astrologer,Arcane,3,,,,"{{zodiac,Summer}}
<b>Trigger:</b> Target arcane leader takes damage.
<b>Response:</b> Prevent 2 of the damage, and if you do target arcane leader gains +2 {l} <i>(this can increase their {l} above its maximum value)</i>. 
{{unique}}"
ALP.AST.006,"Solitary Goddess, Parthenos",2,Response,Astrologer,Arcane,2,,,,"{{zodiac,Summer}}
<b>Trigger:</b> Target arcane leader takes damage.
<b>Response:</b> Prevent 2 of the damage, and if you do target arcane leader gains +2 {l} <i>(this can increase their {l} above its maximum value)</i>. 
{{unique}}"
ALP.AST.007,"Invincible Lion, Leon",3,Response,Astrologer,Arcane,1,,,,"{{zodiac,Summer}}
<b>Trigger:</b> Target arcane leader takes damage.
<b>Response:</b> Prevent 2 of the damage, and if you do target arcane leader gains +2 {l} <i>(this can increase their {l} above its maximum value)</i>. 
{{unique}}"
ALP.AST.008,"Autumn Hunt, Skorpios",1,Response,Astrologer,Arcane,3,,,,"{{zodiac,Autumn}}
<b>Trigger:</b> You draw a card outside of the end phase as the result of an order or card effect.
<b>Response:</b> Target arcane leader gains a +1 {h} counter.
{{unique}}"
ALP.AST.009,"Wise Centaur, Toxotes",2,Response,Astrologer,Arcane,2,,,,"{{zodiac,Autumn}}
<b>Trigger:</b> You draw a card outside of the end phase as the result of an order or card effect.
<b>Response:</b> Target arcane leader gains a +1 {h} counter.
{{unique}}"
ALP.AST.010,"Grand Justicar, Zygos",3,Response,Astrologer,Arcane,1,,,,"{{zodiac,Autumn}}
<b>Trigger:</b> You draw a card outside of the end phase as the result of an order or card effect.
<b>Response:</b> Target arcane leader gains a +1 {h} counter.
{{unique}}"
ALP.AST.011,"Cupbearer, Hydrokhoos",1,Response,Astrologer,Arcane,3,,,,"{{zodiac,Winter}}
<b>Trigger:</b> Target arcane leader is recruited.
<b>Response:</b> Target arcane leader gains a -1 {c} counter.
{{unique}}"
ALP.AST.012,"Heroic Triton, Ikhthyes",2,Response,Astrologer,Arcane,2,,,,"{{zodiac,Winter}}
<b>Trigger:</b> Target arcane leader is recruited.
<b>Response:</b> Target arcane leader gains a -1 {c} counter.
{{unique}}"
ALP.AST.013,"Lord of the Water, Aigokeros",3,Response,Astrologer,Arcane,1,,,,"{{zodiac,Winter}}
<b>Trigger:</b> Target arcane leader is recruited.
<b>Response:</b> Target arcane leader gains a -1 {c} counter.
{{unique}}"
ALP.AST.014,Stargazer's Observatory,,Fortification,Astrologer,Arcane,,,6,,"{{scout}}
Once per turn, when you play a <b>Zodiac</b> card that targets a leader that shares a field with this fortification, you may search your deck for a <b>Zodiac</b> card with a different <b>Season</b>. If you do, add it to your hand."
ALP.ARC.001,Conjurer,,Unit,,Arcane,0,0,,,"{{spellcaster,1}}"
ALP.ARC.002,Thaumaturge,,Unit,,Arcane,1,1,,,"{{spellcaster,2}}"
ALP.ARC.003,Magus,,Unit,,Arcane,2,2,,,"{{spellcaster,3}}"
ALP.ARC.004,Magi's Teachings,1,Order,,Arcane,0,,,,"Target card on a recruitment rail gains the <b>Spellcaster, Level 1</b> keyword until the end of this turn.
({{spellcaster,1}})"
ALP.ARC.005,Graduation,1,Order,,Arcane,0,,,,Target <b>Spellcaster</b> card gains +1 <b>Level</b>.
ALP.ARC.006,Firebolt,1,Order,,Arcane,0,,,,"{{spell,1}}
Deal 1 damage to a target card that shares a field with this card's <b>Spellcaster</b>."
ALP.ARC.007,From the Spell Scroll,1,Order,,Arcane,1,,,,The next <b>Spell</b> card played gains -1 <b>Level</b> (to a minimum of <b>Level 1</b>).
ALP.ARC.008,Teleport,1,Order,,Arcane,0,,,,"{{spell,1}}
Target card on a recruitment rail is moved to any other recruitment rail allied with that card."
ALP.ARC.009,Reflection,1,Reinforcement,,Arcane,,,,,"Any card that arrives at an attached fortification is <b>Reflected</b>. 
({{reflected}})"
ALP.ARC.010,Translation,1,Reinforcement,,Arcane,,,,,"Any card that arrives at an attached fortification is <b>Translated</b>.
({{translated}})"
ALP.ARC.011,Illusory Keep,1,Reinforcement,,Arcane,,,,,Replace an attached fortification with a different fortification card that you do not already control. All damage dealt to the original fortification is transfered to the new fortification.
ALP.ARC.012,Glowing Sigils,1,Reinforcement,,Arcane,,,,,You may play a <b>Spell</b> card (you must still satisfy the <b>Spellcaster</b> requirement to play a <b>Spell</b> card).
ALP.ARC.013,Scrying,1,Response,,Arcane,0,,,,"<b>Trigger:</b> A player draws one or more cards as the result of another card's effect.
<b>Response:</b> You may look at the cards that were drawn this way."
ALP.ARC.014,Spell Echo,1,Response,,Arcane,0,,,,"<b>Trigger:</b> An allied <b>Spell</b> card is played.
<b>Response:</b> You may play a <b>Spell</b> card with equal or lesser <b>Level</b> using the same <b>Spellcaster</b>."
ALP.ARC.015,Blink,1,Response,,Arcane,0,,,,"<b>Trigger:</b> Target card arrives at a fortification.
<b>Response:</b> Target card is <b>Reflected</b>.
({{reflected}})"
ALP.ARC.016,Shift,1,Response,,Arcane,0,,,,"<b>Trigger:</b> Target card arrives at a fortification.
<b>Response:</b> Target card is <b>Translated</b>.
({{translated}})"
ALP.ARC.017,Robes of the Archmagus,2,Order,,Arcane,2,,,,"{{equip}}
<b>Once per Turn Order:</b> Parent card gains the <b>Spellcaster, Level 1</b> keyword.
({{spellcaster,1}})"
ALP.ARC.018,Fireball,2,Order,,Arcane,0,,,,"{{spell,2}}
Deal 2 damage to a target card that shares a field with this card's <b>Spellcaster</b>."
ALP.ARC.019,Dualcast,2,Order,,Arcane,1,,,,The next <b>Spell</b> card played may choose an additional target for its effect.
ALP.ARC.020,Haste,2,Order,,Arcane,1,,,,"{{spell,2}}
Target card that shares a field with this card's <b>Spellcaster</b> may attack an additional time this turn."
ALP.ARC.021,Chain Lightning,2,Order,,Arcane,1,,,,"{{spell,2}}
Deal 2 Damage to all fortifications your opponent controls."
ALP.ARC.022,Time Skip,2,Reinforcement,,Arcane,,,,,"Discard a card. If you do, return all deployed cards to their recruitment rail; the deployment phase ends. 
<i>(Cards that have arrived or attacked this turn are not returned to the recruitment rail)</i>"
ALP.ARC.023,Divination,2,Response,,Arcane,0,,,,"<b>Trigger:</b> Target allied card takes damage on your turn.
<b>Response:</b> Prevent the damage."
ALP.ARC.024,Spellish Rebuke,2,Response,,Arcane,1,,,,"<b>Trigger:</b> Target allied <b>Spellcaster</b> leader takes damage from an opponent's card. 
<b>Response:</b> You may play a <b>Spell</b> card using the target leader as the <b>Spellcaster</b>, and if you do ignore the recruitment requirement for that <b>Spell</b>."
ALP.ARC.025,Robes of the Outcast Witch,3,Order,,Arcane,3,,,,"{{equip}}
<b>Once per Turn Order (1 {c}):</b> Parent <b>Spellcaster</b> card ignores the recruitment requirement for next <b>Spell</b> card played this turn."
ALP.ARC.026,Meteor Shower,3,Order,,Arcane,1,,,,"{{spell,3}}
Deal 1 damage to any number of targets that share a field with this card's <b>Spellcaster</b>."
ALP.ARC.027,Flare,3,Order,,Arcane,1,,,,"{{spell,3}}
Deal 3 damage to a target card that shares a field with this card's <b>Spellcaster</b>."
ALP.ARC.028,College of Arcane Arts,,Fortification,,Arcane,,,8,,"Whenever an attached reinforcement is revealed, you may play a <b>Spell</b> card (you must still satisfy the <b>Spellcaster</b> requirement to play a <b>Spell</b> card)."
ALP.ARC.029,Extra Spell Slot,1,Order,,Arcane,X+X,,,,"Return a <b>Spell</b> card from your discard pile to your hand, where X is the <b>Level</b> of that <b>Spell</b> card."
ALP.ARC.030,Counterspell,2,Response,,Arcane,1,,,,"{{spell,2}}
<b>Trigger:</b> An order is played.
<b>Response:</b> Negate that order's effects and destroy it."
ALP.ARC.031,Phantasmal Armament,2,Order,,Arcane,X,,,,"{{equip}}
This card becomes a copy of target <b>Equip</b> order in play, where X is the <b>Rank</b> of the target order. Destroy this card if the original target order leaves play. "
ALP.ARC.032,Gale,1,Order,,Arcane,0,,,,"{{spell,1}}
Remove target unit from any recruitment rail that shares a field with this card's <b>Spellcaster</b>."
ALP.ARC.033,Storm,2,Order,,Arcane,0,,,,"{{spell,2}}
Remove target leader from any recruitment rail that shares a field with this card's <b>Spellcaster</b>."
ALP.ARC.034,Hurricane,3,Order,,Arcane,0,,,,"{{spell,3}}
Remove any number of target cards from any recruitment rail that shares a field with this card's <b>Spellcaster</b>."
ALP.BSK.001,"Lothar, Axe of the Asperlands",,Leader,Berserker,Melee,3,3,12,-1,"{{armed}}  
Whenever Lothar is dealt damage to his {l}, create a Rage counter on his card.  "
ALP.BSK.002,Seeing Bloodred,2,Order,Berserker,Melee,3,,,,"Remove all Rage counters from target Berserker leader.  Until the end of your turn, that leader may be redeployed once for each Rage counter removed this way."
ALP.BSK.003,Relentless Rage,2,Order,Berserker,Melee,0,,,,"Remove 1 Rage counter from target Berserker leader. If you do, until the start of your next turn that leader cannot be reduced below 1 {l}."
ALP.BSK.004,Wartorn Battlefield,,Fortification,Berserker,Melee,,,0,,"When an allied leaders is deployed from a field shared by this fortification, it gain +1 {p}.
{{defenseless}}"
ALP.BSK.005,Blood-wretched Battle-axe,,Token Order,Berserker,Melee,1,,,,"{{equip}}
<b>Once per Turn Order (deal 3 damage to parent leader):</b> Parent leader gains +1 {p} until the end of the turn."
ALP.PRM.001,"Vvulf, Pack Leader",,Leader,Primalist,Melee,2,2,10,-1,"{{packhunter}}
{{armed}}  
Whenever Vvulf is recruited, recruit a <i>Vvolf</i> to an allied recruitment rail."
ALP.PRM.002,Hunt,2,Order,Primalist,Melee,1,,,,All Primalist cards deployed this turn gain +1 {p}.
ALP.PRM.003,Family,2,Order,Primalist,Melee,1,,,,"Until the start of your next turn, whenever a <i>Vvolf</i> is recruited, recruit an additional <i>Vvolf</i> to the same recruitment rail."
ALP.PRM.004,Vvolves' Den,,Fortification,Primalist,Melee,,,0,,"Whenever a unit arrives at this fortification, recruit a <i>Vvolf</i> to an allied recruitment rail.
{{defenseless}}"
ALP.PRM.005,Vvolf,,Token Unit,Primalist,Melee,0,1,,,{{packhunter}}
ALP.PRM.006,Alpha's Cowl,,Token Order,Primalist,Melee,2,,,,"{{equip}}
<b>Order (1 {c}):</b> Create a <i>Vvolf</i> and add it to an allied reserve deck."
ALP.MEL.001,Fighter,,Unit,,Melee,1,2,,,
ALP.MEL.002,Knight,,Unit,,Melee,2,2,,,"When this unit is deployed at the same time as a melee leader, it gains +1 {p}."
ALP.MEL.003,Champion,,Unit,,Melee,3,3,,,"When this unit is deployed at the same time as a melee leader, it gains any modifications to {p} that the Leader has gained this turn. "
ALP.MEL.004,A Bigger Sword,2,Order,,Melee,1,,,,Target leader gains a +1 {p} counter.
ALP.MEL.005,Second Wind,1,Order,,Melee,0,,,,"The next time target leader would take damage, prevent 1 damage and regain +1 {l}."
ALP.MEL.006,Frontline Fighter,1,Order,,Melee,1,,,,"You may destroy a melee unit on an allied recruitment rail.  If you do, place an allied Leader in reserve on the same recruitment rail."
ALP.MEL.007,Willingness to Wage,1,Order,,Melee,0,,,,Target leader has -2 {c} until the end of your turn.
ALP.MEL.008,Overexert,1,Order,,Melee,0,,,,Target leader has +2 {p} until the end of the turn.  You cannot recuit this leader this turn.  
ALP.MEL.009,Get Through Me!,1,Reinforcement,,Melee,,,,,"When an attached fortification is attacked, you may choose to defend it with an allied leader.  The leader you defend with becomes the new target of the attack."
ALP.MEL.010,Honorable Duel,1,Reinforcement,,Melee,,,,,"When a card arrives at an attached fortification, that card deals no damage this turn unless it is an opposing leader card."
ALP.MEL.011,Last Line of Defense,1,Reinforcement,,Melee,,,,,"Until the end of this turn, whenever an allied leader would take damage, they prevent 1 damage. "
ALP.MEL.012,Back Home,1,Reinforcement,,Melee,,,,,"When a unit arrives at an attached fortification, target leader gains +1 {l} (<i>this can increase their {l} above its maximum value</i>). "
ALP.MEL.013,Seek Vengeance ,1,Reinforcement,,Melee,,,,,"It an attached fortification is destroyed, you may place any number of melee leaders in reserve on allied recruitment rails. "
ALP.MEL.014,Parry,1,Response,,Melee,2,,,,"<b>Trigger:</b> Target leader is attacked.
<b>Response:</b>  Damage from the attack is prevented.
When you play this card, you may discard a card. If you do, search your deck for a <i>Riposte</i> card and add it to your hand."
ALP.MEL.015,Riposte,1,Response,,Melee,0,,,,"<b>Trigger:</b> Parry is played and prevents the damage from an attack on a leader.
<b>Response:</b> Deal 3 damage to the attacking card."
ALP.MEL.016,Twist the Knife,1,Response,,Melee,0,,,,"<b>Trigger:</b> Target allied leader successfully attacks and deals damage to a fortification or leader.
<b>Response:</b> Target leader deals 1 additional damage with their attack."
ALP.MEL.017,Everywhere At Once,2,Order,,Melee,1,,,,"If target leader is deployed to any lane this turn, you may redeploy them.  They must be redeployed to a different lane."
ALP.MEL.018,Return of the King,2,Order,,Melee,1,,,,"If target melee leader is deployed this turn, you may recruit that Leader for 0 {c} until the end of your turn.  "
ALP.MEL.020,Fractal Plate,2,Order,,Melee,2,,,,"{{equip}}
<b>Once per Turn Response (1 {c}):</b> 
<b>Trigger:</b> Target leader takes damage from an attack.
<b>Response:</b>  Prevent 2 of that damage."
ALP.MEL.021,Briared Cuirass,2,Order,,Melee,2,,,,"{{equip}}
<b>Once per Turn Response (1 {c}):</b> 
<b>Trigger:</b> Target leader takes damage from an attack.
<b>Response:</b>  Deal 2 damage to the attacking card."
ALP.MEL.022,Foxholed Hero,2,Reinforcement,,Melee,,,,,"When a card arrives at an attached fortification, you may remove a recruited leader from a recruitment rail.  If you do, deal damage to the arriving card equal to that leader's {p}."
ALP.MEL.023,Requip,2,Response,,Melee,0,,,,"<b>Trigger:</b> An order <b>Equipped</b> to an allied leader would be destroyed.
<b>Response:</b> The order is not destroyed and remains <b>Equipped</b> to the leader."
ALP.MEL.024,Plus Ultra,2,Response,,Melee,0,,,,"<b>Trigger:</b> An order is played that increases a leader's {p}.
<b>Response:</b> That leader gains +1 {p} until the end of the turn."
ALP.MEL.019,Bunker Buster Blade,3,Order,,Melee,2,,,,"{{equip}}
<b>Once per Turn Order (1 {c}):</b> Parent leader gains +2 {p} while attacking fortifications."
ALP.MEL.025,"Ragnarok, Vorpal Blade",3,Order,,Melee,2,,,,"{{equip}}
<b>Once per Turn Order (1 {c}):</b> Parent leader gains +2 {p} while attacking other leaders."
ALP.MEL.026,Once They Know,3,Order,,Melee,1,,,,"Whenever target melee leader would gain {p} this turn as the result of an order, response, or fortification, they gain an additional +1 {p} until the end of this turn."
ALP.MEL.027,Indomitable,3,Response,,Melee,1,,,,"<b>Trigger:</b> Target allied leader takes damage that would reduce their {l} below 1.
<b>Response:</b> Prevent all damage dealt to that leader until the end of this turn.  "
ALP.MEL.028,Garrison,,Fortification,,Melee,,,7,,"Whenever you recruit a leader to a recruitment rail that shares a field with this fortification, the next unit you recruit with the same attribute(s) gains -1 {c}."
ALP.MEL.029,Stationed,1,Order,,Melee,0,,,,"Target melee card on an allied recruitment rail is moved to an empty reinforcement zone attached to an allied fortification. The next time a card arrives at that fortification, the attached melee card becomes the target of that card's attack. If the attack does not destroy the attached melee card, return it to its original recruitment rail."
ALP.MEL.030,Bastard Sword,,Token Order,,Melee,1,,,,"{{equip}}
<b>Once per Turn Order (1 {c}):</b> Parent leader gains +1 {p} while attacking other recruited leaders."
ALP.MEL.031,Broadhead Pike,,Token Order,,Melee,1,,,,"{{equip}}
<b>Once per Turn Order (1 {c}):</b> Parent leader gains +1 {p} while attacking other leaders in reserve."
ALP.MEL.032,Rearm,1,Order,,Melee,0,,,,"Create a <b>Equip</b> order token that shares an attribute or class with an allied leader, then add it to your hand."
ALP.MEL.033,Armed to the Teeth,2,Order,,Melee,1,,,,"The first time each <b>Equip</b> order attached to target melee card is activated this turn, it activation gains -1 {c}."
ALP.MEL.034,Steel-plated Maul,,Token Order,,Melee,1,,,,"{{equip}}
<b>Once per Turn Order (1 {c}):</b> Parent leader gains the <b>Knockback</b> keyword until the end of the turn.
({{knockback}})"
ALP.MEL.035,Wild Charge,1,Order,,Melee,1,,,,"The first unit that attacks this turn gains the <b>Knockback</b> keyword.
({{knockback}})"
ALP.EXA.001,"Seraphim, Idol of Worship",,Leader,Exarch,Faith,2,0,10,1,"<b>Worship, 2 Disciples (1 {c}):</b> Target <b>Persistence</b> card with no <b>Persist</b> counters gains +1 <b>Persist</b> counter. 
<i>(This effect can only be activated in your deployment phase while 2 allied Disciple cards share a recruitment rail with this Leader.)</i> "
ALP.EXA.002,Prayer to the Idol,2,Order,Exarch,Faith,0,,,,Move any number of <b>Persist</b> counters from one <b>Persistence</b> card to another <b>Persistence</b> card.
ALP.EXA.003,Statue of the Exarch,3,Reinforcement,Exarch,Faith,,,,,"{{persistence,1}}
While this card is revealed in play, it is the only card that <b>Persist</b> counters must be removed from in the end phase. When this card leaves play, destroy all allied <b>Persistance</b> cards in play."
ALP.EXA.004,Crystalline Chapel,,Fortification,Exarch,Faith,,,10,,"{{persistence,1}}
Whenever a <b>Persistence</b> card attached to this fortification is destroyed in the end phase, this card regains +2 {l}.
Whenever a card attached to this fortification would gain a <b>Persist</b> counter, you may instead add that counter to this card."
ALP.APS.001,"Father Azari, Golden Guidance",,Leader,Apostle,Faith,1,0,8,0,"<b>Worship, 1 Disciple (1 {c}):</b> Whenever an allied faith unit is deployed this turn, target allied card regains +1 {l}. 
<i>(This effect can only be activated in your deployment phase while 1 allied Disciple card shares a recruitment rail with this Leader.)</i> "
ALP.APS.002,Shepherd for All,1,Order,Apostle,Faith,0,,,,All cards regain +1 {l}.
ALP.APS.003,Lead to Enlightenment,3,Reinforcement,Apostle,Faith,,,,,"{{persistence,1}}
While this card is revealed in play, whenever an allied card regains any {l} (except from <i>Lead to Enlightenment</i>), all other allied cards regain +1 {l}."
ALP.APS.004,Radiant Sanctuary,,Fortification,Apostle,Faith,,,6,,"{{rejuvenate}}
When this card would be destroyed, it instead remains in play at 0 {l} and gains the <b>Defenseless</b> keyword.
({{defenseless}})"
ALP.FTH.001,Share All in Her World,1,Order,,Faith,0,,,,Each player targets one of their face down reinforcements and reveals it. 
ALP.FTH.002,Her Hymn of Rejuvenation,1,Order,,Faith,0,,,,All allied leaders regain +2 {l}.
ALP.FTH.003,Her Blessing of Light,1,Order,,Faith,0,,,,Prevent the next 1 damage all allied cards take this turn. 
ALP.FTH.004,Her Home for You,1,Order,,Faith,0,,,,Target fortification regains +2 {l}.
ALP.FTH.005,"Play Again, Her Hymn",1,Order,,Faith,0,,,,"Target one reinforcement that is revealed in play. Turn it face down, then you may reveal it."
ALP.FTH.006,"Enchant, Her Golden Light",1,Reinforcement,,Faith,,,,,"{{persistence,1}}
Prevent the first 2 damage dealt to attached fortifications this turn."
ALP.FTH.007,"Prosperous Harvest, Her Gift",1,Reinforcement,,Faith,,,,,"{{persistence,2}}
While this card is revealed in play, whenever an attached fortification would regain {l}, it regains +1 {l}."
ALP.FTH.008,"Greet Thy Neighbor, Her Child",1,Reinforcement,,Faith,,,,,"{{persistence,2}}
While this card is revealed in play, attached fortifications cannot be targeted by the effects of your opponent's orders."
ALP.FTH.009,Her Gift of Golden Grain,1,Reinforcement,,Faith,,,,,"{{persistence,1}}
Attached fortifications regain +2 {l}."
ALP.FTH.010,"Her Blessing, Divine",1,Reinforcement,,Faith,,,,,"{{persistence,1}}
Cards that arrive at attached fortifications have -1 {p} until the end of the turn."
ALP.FTH.011,In Her Name,1,Order,,Faith,0,,,,The next <b>Worship</b> effect you activate this turn gains -2 {c}.
ALP.FTH.012,"Her Presence, Emanating",1,Reinforcement,,Faith,,,,,"{{persistence,1}} 
Choose one attached fortification. While this card is revealed in play, it gain the <b>Sanctum</b> keyword.
({{sanctum}})"
ALP.FTH.013,Her Garb of Golden Order,1,Order,,Faith,0,,,,"{{equip}}
<b>Once per Turn Order:</b> Parent card gains the <b>Disciple</b> keyword until the end of the turn.
({{disciple}})"
ALP.FTH.014,"Her Chapels, Restored",2,Order,,Faith,1,,,,All allied faith fortifications regain +2 {l}.
ALP.FTH.015,"Her Image, Everlasting",2,Order,,Faith,1,,,,Target <b>Persistence</b> card gains +1 <b>Persist</b> counter. 
ALP.FTH.016,She Sees All,2,Order,,Faith,1,,,,All face down reinforcements are revealed.
ALP.FTH.017,"Her Men, Unyielding",2,Reinforcement,,Faith,,,,,"{{persistence,1}} 
While this card is revealed in play, prevent all damage dealt to allied units."
ALP.FTH.018,"For Her, They Follow",2,Reinforcement,,Faith,,,,,"{{persistence,1}} 
While this card is revealed in play, the first order you play each turn gains -1 {c}."
ALP.FTH.019,"To Her, They Come",2,Reinforcement,,Faith,,,,,"{{persistence,1}} 
While this card is revealed in play, the first card you recruit each turn gains -1 {c}."
ALP.FTH.020,"Flow, Her Radiant Embrace",2,Reinforcement,,Faith,,,,,"{{persistence,1}}
All allied cards regain +1 {l}."
ALP.FTH.021,"Come to Her, Stay with Her",2,Response,,Faith,2,,,,"<b>Trigger:</b> Target reinforcement is activated by a card arriving to its fortification.
<b>Response:</b> Target reinforcement gains the <b>Persistence, 1</b> keyword. 
({{persistence,1}})"
ALP.FTH.022,"Against Her, They Relent",3,Reinforcement,,Faith,,,,,"{{persistence,1}} 
While this card is revealed in play, the first time your opponent pays one or more cards to fulfill the {c} of another card each turn, they pay an additional card (if possible)."
ALP.FTH.023,Peace Be Upon Her Land,3,Reinforcement,,Faith,,,,,"{{persistence,1}}
While this card is revealed in play, all damage dealt on your opponent's turn is prevented and attached fortifications gain <i>""damage dealt to this fortification cannot be prevented""</i>.  If this card is attached to a <b>Defenseless</b> fortification, destroy it."
ALP.FTH.024,"By Her Name, Return",3,Reinforcement,,Faith,,,,,"Replace this card with any faith reinforcement from your discard pile (except <i>By Her Name, Return</i>), then activate that reinforcement."
ALP.FTH.025,Devoted,,Unit,,Faith,1,0,,,{{disciple}}
ALP.FTH.026,Priest,,Unit,,Faith,2,1,,,"{{disciple}}
When this unit is recruited, every card on the recruitment rail it was recruited to regains +1 {l}."
ALP.FTH.027,Cleric,,Unit,,Faith,2,1,,,"{{disciple}}
When this unit is deployed to a lane with a revealed <b>Persistence</b> card in it, it gains +2 {p} until the end of the turn."
ALP.FTH.028,Her Hallowed Grounds,,Fortification,,Faith,,,6,,"{{sanctum}}
When this card would be destroyed, it instead remains in play at 0 {l} and gains the <b>Defenseless</b> keyword.
({{defenseless}})"
ALP.FTH.029,"Her Gospel, Received",2,Response,,Faith,0,,,,"<b>Trigger:</b> A card is deployed.
<b>Response:</b> Target reinforcement is revealed."
ALP.SCT.001,"Teyr, Treetop Watchman",,Leader,Scout,Ranged,2,2,6,1,"{{longdistance,1}}
Whenever a <b>Long-distance</b> card skips the arrival step, reveal target face down reinforcement in the lane that card was deployed to.  "
ALP.SCT.002,Bird's Eye View,1,Order,Scout,Ranged,1,,,,"Until the start of your next turn, whenever a reinforcement controlled by an opponent would be revealed, instead reveal all of their face down reinforcements."
ALP.SCT.003,"Misfortune, Avoided",2,Order,Scout,Ranged,1,,,,"Until the start of your next turn, whenever a reinforcement controlled by an opponent is revealed, that reinforcement is placed on the bottom of their deck."
ALP.DDE.001,"Sandpit Christy, Heartseeker",,Leader,Deadeye,Ranged,3,2,6,-1,"{{longdistance,3}}
{{piercing,3}}"
ALP.DDE.002,Fire for Effect,3,Order,Deadeye,Ranged,2,,,,"Whenever a card with <b>Piercing</b> and <b>Long-distance</b> deploys this turn increase the value of both keywords to X, where X is the sum of the keywords' base values.  "
ALP.DDE.003,Death's Judgement,3,Response,Deadeye,Ranged,1,,,,"<b>Trigger:</b> Target <b>Piercing</b> card skips the arrival step and deals damage to a fortification.
<b>Response:</b> Target card may target a leader in reserve that it shares a field with for its piercing damage."
ALP.RNG.001,Bowman,,Unit,,Ranged,2,2,,,"{{longdistance,1}}"
ALP.RNG.002,Arbalist ,,Unit,,Ranged,2,2,,,"{{piercing,1}}"
ALP.RNG.003,Ballista Crew,,Unit,,Ranged,3,3,,,"{{longdistance,2}}
{{piercing,2}}"
ALP.RNG.004,Ricochet,1,Order,,Ranged,0,,,,"Whenever an allied card would deal <b>Piercing</b> damage to a recruited card this turn, instead you may deal that damage to a different fortification that shares a lane with the original fortification the card attacked. "
ALP.RNG.005,Point-Blank,1,Order,,Ranged,0,,,,"Whenever an allied <b>Long-distance</b> card arrives at a fortification this turn, it gains +X {p}, where X is equal to its <b>Long-distance</b> damage."
ALP.RNG.006,Flight Arrows,1,Order,,Ranged,1,,,,"{{ammo}}
{{equip}}
<b>Once per Turn Order (destroy this):</b> Parent ranged card gains the <b>Long-distance, 1</b> keyword until the end of the turn.
({{longdistance,1}})"
ALP.RNG.007,Piercing Bolts,1,Order,,Ranged,1,,,,"{{ammo}}
{{equip}}
<b>Once per Turn Order (destroy this):</b> Parent ranged card gains the <b>Piercing, 1</b> keyword until the end of the turn.
({{piercing,1}})"
ALP.RNG.008,Shrapnel Shot,1,Order,,Ranged,1,,,,"The next time target ranged card would deal damage to a fortification this turn, that damage may instead be distributed to any number of recruited cards that share a field with the fortification."
ALP.RNG.009,Concussion Shot,1,Order,,Ranged,1,,,,"The next time target ranged card would deal damage to a recruited card this turn, instead remove that card from its recruitment rail."
ALP.RNG.010,Pick Off,1,Reinforcement,,Ranged,,,,,Deal 1 damage to any card your opponent has recruited or deployed.
ALP.RNG.011,A Mile Away,1,Reinforcement,,Ranged,,,,,Prevent all damage dealt to recruited allied cards that share a field with this reinforcement until the end of the turn.
ALP.RNG.012,Exposed Sightline,1,Reinforcement,,Ranged,,,,,Reveal target card your opponent controls that shares a field with this reinforcement.
ALP.RNG.013,Back With Bullets,1,Reinforcement,,Ranged,,,,,You may play an <b>Ammo</b> order without paying its {c}.
ALP.RNG.014,Two in the Chamber,1,Response,,Ranged,0,,,,"<b>Trigger:</b> Allied <b>Ammo</b> card is played.
<b>Response:</b> Discard an <b>Ammo</b> card from your hand. If you do, target card gains its activation effect. 
<i>(This does not count as activating the discarded <b>Ammo</b> card)</i>."
ALP.RNG.015,Watchful Sentry,1,Response,,Ranged,1,,,,"<b>Trigger:</b> Allied fortification is attacked by target card controlled by an opponent.
<b>Response:</b> Destroy a recruited allied ranged unit. If you do, deal damage equal to the destroyed unit's {p} to the target card."
ALP.RNG.016,Bound Back,1,Response,,Ranged,0,,,,"<b>Trigger:</b> Target <b>Long-distance</b> card arrives at a fortification and activates a reinforcement card.
<b>Response:</b> Redeploy target <b>Long-distance</b> card to the same lane and skip the arrival step. 
<i>(The activated reinforcement card's effect still resolves)</i>"
ALP.RNG.017,Bunker Buster Bolts,2,Order,,Ranged,2,,,,"{{ammo}}
{{equip}}
<b>Once per Turn Order (destroy this):</b> Parent ranged card gains +1 {p} while attacking fortifications."
ALP.RNG.018,Arc Arrows,2,Order,,Ranged,2,,,,"{{ammo}}
{{equip}}
<b>Once per Turn Order (destroy this):</b> The first time parent ranged card deals damage to a fortification this turn, deal 1 damage to all other fortifications controlled by an opponent."
ALP.RNG.019,Firing Line,2,Order,,Ranged,1,,,,"For each ranged card you have recruited, deal 1 damage to a target fortification controlled by an opponent. You cannot declare deployments this turn."
ALP.RNG.020,Practice Makes Perfect,2,Order,,Ranged,0,,,,"Until the end of the turn, whenever an allied card would gain <b>Long-distance</b> or <b>Piercing</b> while already having the given keyword, increase the value of the original keyword by 1. "
ALP.RNG.021,Return Fire,2,Reinforcement,,Ranged,,,,,"The first time an attached fortification takes damage this turn, you may destroy an allied ranged unit on a recruitment rail that shares a field with the fortification. If you do, deal damage equal to your destroyed unit's {p} to all cards your opponent has recruited to that field."
ALP.RNG.022,Snare,2,Reinforcement,,Ranged,,,,,"Return the first card that arrives at an attached fortification to its recruitment rail and <b>equip</b> this card to it. While this is equipped, parent card cannot be deployed.
{{equip}}
<b>Once per Turn Order (1 {c}):</b> Destroy this card."
ALP.RNG.023,Scouting Report,2,Response,,Ranged,1,,,,"<b>Trigger:</b> Target card is deployed.
<b>Response:</b> Target card skips the arrival step."
ALP.RNG.024,Push Through,2,Response,,Ranged,0,,,,"<b>Trigger:</b> Target <b>Piercing</b> card arrives at a fortification and activates a reinforcement card.
<b>Response:</b> Target <b>Piercing</b> card becomes <b>Piercing, 0</b>. Negate the activated reinforcement card and destroy it."
ALP.RNG.025,One Bird With Two Stones,2,Response,,Ranged,2,,,,"<b>Trigger:</b> An <b>Ammo</b> card is activated.
<b>Response:</b> Activate an additional <b>Ammo</b> card.  "
ALP.RNG.026,Rain Hell,3,Order,,Ranged,1,,,,Any number of <b>Long-distance</b> cards may be deployed to the same lane until the end of the turn. Any <b>Long-distance</b> card deployed this turn must skip the arrival step.
ALP.RNG.027,Rapid Fire,3,Order,,Ranged,0,,,,"Whenever a ranged card arrives at a fortification this turn, you may discard a card. If you do, the arriving card attacks twice in the attack step until the end of the turn."
ALP.RNG.028,Surplus Munitions,3,Response,,Ranged,2,,,,"<b>Trigger:</b> Target <b>Ammo</b> card attached to a ranged leader is activated.
<b>Response:</b> Apply the effect of target <b>Ammo</b> card to all allied ranged cards.  "